{"cameraMode":{"drawMode":0,"name":"Shaded","section":"Shading Mode"},"sceneLighting":true,"audioPlay":false,"sceneViewState":{"showFog":true,"showMaterialUpdate":false,"showSkybox":true,"showFlares":true,"showImageEffects":true,"showParticleSystems":true},"in2DMode":false,"pivot":{"x":-4.422527313232422,"y":5.652331829071045,"z":6.492679119110107},"rotation":{"x":0.03882952779531479,"y":0.9062483310699463,"z":-0.08535518497228623,"w":0.41223016381263735},"size":12.26136302947998,"orthographic":true}